{"cameraMode":{"drawMode":0,"name":"Shaded","section":"Shading Mode"},"sceneLighting":false,"audioPlay":false,"sceneViewState":{"showFog":true,"showMaterialUpdate":false,"showSkybox":true,"showFlares":true,"showImageEffects":true,"showParticleSystems":true},"in2DMode":false,"pivot":{"x":-0.7292906045913696,"y":0.8924784660339356,"z":-0.3803922235965729},"rotation":{"x":0.055651530623435977,"y":0.942365288734436,"z":-0.2626442015171051,"w":0.19967712461948396},"size":4.333785057067871,"orthographic":false}