{"cameraMode":{"drawMode":0,"name":"Shaded","section":"Shading Mode"},"sceneLighting":true,"audioPlay":false,"sceneViewState":{"showFog":true,"showMaterialUpdate":false,"showSkybox":true,"showFlares":true,"showImageEffects":true,"showParticleSystems":true},"in2DMode":false,"pivot":{"x":-31.805204391479493,"y":26.629968643188478,"z":26.066068649291993},"rotation":{"x":0.3270491659641266,"y":0.08235388249158859,"z":-0.02861994132399559,"w":0.9409846663475037},"size":437.590087890625,"orthographic":false}