{"cameraMode":{"drawMode":0,"name":"Shaded","section":"Shading Mode"},"sceneLighting":false,"audioPlay":false,"sceneViewState":{"showFog":true,"showMaterialUpdate":false,"showSkybox":true,"showFlares":true,"showImageEffects":true,"showParticleSystems":true},"in2DMode":false,"pivot":{"x":1.132716417312622,"y":1.85580575466156,"z":0.8603067994117737},"rotation":{"x":0.0957481637597084,"y":0.8957513570785523,"z":-0.23493510484695435,"w":0.36506563425064089},"size":2.8541994094848635,"orthographic":false}