{"cameraMode":{"drawMode":0,"name":"Shaded","section":"Shading Mode"},"sceneLighting":false,"audioPlay":false,"sceneViewState":{"showFog":true,"showMaterialUpdate":false,"showSkybox":true,"showFlares":true,"showImageEffects":true,"showParticleSystems":true},"in2DMode":false,"pivot":{"x":-1.1470179557800294,"y":0.4467308521270752,"z":-0.45316994190216067},"rotation":{"x":-0.05442953109741211,"y":0.9448727965354919,"z":-0.20881329476833344,"w":-0.24630387127399445},"size":2.688877820968628,"orthographic":false}