{"cameraMode":{"drawMode":0,"name":"Shaded","section":"Shading Mode"},"sceneLighting":false,"audioPlay":false,"sceneViewState":{"showFog":true,"showMaterialUpdate":false,"showSkybox":true,"showFlares":true,"showImageEffects":true,"showParticleSystems":true},"in2DMode":false,"pivot":{"x":-0.001918792724609375,"y":0.0243026465177536,"z":1.9970217943191529},"rotation":{"x":0.001965445000678301,"y":0.9897319078445435,"z":-0.14231199026107789,"w":0.013659492135047913},"size":0.8344528079032898,"orthographic":false}